4.194200134277343750e+01,6.898000335693359375e+01
1.5,1.5
1.5085811614990234,2.5046010017395015
1.5176833868026731,3.5092570781707764
1.5273051261901855,4.513967514038086
1.5374443531036377,5.5187315940856925
1.548099398612976,6.52354860305786
1.5592684745788574,7.528418064117431
1.562000036239624,1.8760000467300413
1.570949912071228,8.533339500427246
1.583141803741455,9.538311958312988
1.595842361450195,10.543335914611816
1.609049916267395,11.54840850830078
1.6227626800537107,12.553531646728516
1.6369788646697998,13.558703422546387
1.6516966819763184,14.563922882080078
1.666914463043213,15.569189071655272
1.682630181312561,16.57450294494629
1.698842406272888,17.579864501953125
1.715549111366272,18.585269927978516
1.7327485084533691,19.59071922302246
1.7504390478134155,20.596216201782223
1.7686188220977783,21.601755142211918
1.7872860431671143,22.607336044311523
1.80643892288208,23.612960815429688
1.826075792312622,24.618627548217773
1.8461948633193968,25.62433433532715
1.866794228553772,26.630083084106445
1.8878722190856931,27.63587188720703
1.9094271659851076,28.641700744628903
1.931457042694092,29.647565841674805
1.9539602994918823,30.653470993041992
1.976935148239136,31.659414291381836
2.0003795623779297,32.6653938293457
2.024292230606079,33.671409606933594
2.048671007156372,34.677459716796875
2.073514223098755,35.683547973632805
2.0988199710845947,36.68966674804688
2.124586820602417,37.695823669433594
2.1508126258850098,38.70201110839844
2.1774959564208984,39.708229064941406
2.204634666442871,40.714481353759766
2.2322273254394527,41.72076416015625
2.260272026062012,42.727081298828125
2.2887670993804927,43.73342514038086
2.3177106380462646,44.73979949951172
2.3471007347106934,45.74620056152344
2.3769359588623047,46.75263214111328
2.407214403152466,47.759090423583984
2.437934160232544,48.76557540893555
2.4690935611724854,49.77208709716797
2.5006909370422363,50.77862548828125
2.532724380493164,51.785186767578125
2.565191984176636,52.79177474975586
2.5676867961883545,1.877079486846924
2.5980923175811768,53.798385620117195
2.6314234733581543,54.8050193786621
2.6651835441589355,55.81167602539063
2.699370861053467,56.818355560302734
2.7339837551116943,57.825054168701165
2.7690200805664062,58.8317756652832
2.804478645324707,59.83851623535156
2.8403573036193848,60.84527969360352
2.876654148101806,61.85205841064453
2.913367748260498,62.85885620117188
2.950496196746826,63.86566925048828
2.9880378246307373,64.87250518798828
3.025990724563598,65.87934875488281
3.0643529891967773,66.88621520996094
3.103123188018799,67.89309692382812
3.142299175262451,68.89999389648438
3.18187952041626,69.90689849853516
3.221862316131592,70.913818359375
3.262245893478393,71.9207534790039
3.3030281066894527,72.92770385742188
3.344207525253296,73.93465423583984
3.385782480239868,74.9416275024414
3.427750825881958,75.94860076904298
3.470111131668091,76.95558929443358
3.512861490249634,77.96259307861328
3.555999994277954,78.96959686279295
3.573373556137085,1.878158926963806
3.599524974822998,79.97660827636719
3.643434762954712,80.98362731933594
3.6877274513244633,81.99065399169923
3.732401371002197,82.99768829345702
3.777454853057861,84.00472259521484
3.822885751724243,85.01176452636719
3.868692636489868,86.01881408691406
3.914873600006104,87.02586364746092
3.961426973342896,88.03291320800781
4.008350849151611,89.03997039794922
4.055643558502196,90.0470199584961
4.103302955627441,91.0540771484375
4.151328086853027,92.06113433837889
4.199716567993164,93.06819152832033
4.248466491699219,94.07524871826173
4.297576427459717,95.08229827880861
4.3470444679260245,96.08935546875
4.39686918258667,97.09639739990233
4.447048187255859,98.10344696044922
4.4975805282592765,99.11048889160156
4.5484633445739755,100.11752319335936
4.579060077667236,1.8792383670806885
4.599695682525635,101.12454986572264
4.651275634765625,102.13157653808592
4.7032012939453125,103.13859558105467
4.7554712295532235,104.1456069946289
4.8080830574035645,105.1526107788086
4.861035346984863,106.15960693359376
4.914326190948486,107.16658782958984
4.967954158782959,108.1735610961914
5.021917343139648,109.18052673339844
5.076213359832764,110.18748474121092
5.130841255187988,111.19442749023436
5.1857991218566895,112.20135498046876
5.2410850524902335,113.2082748413086
5.29669713973999,114.21517944335936
5.3526339530944815,115.22206878662108
5.40889310836792,116.22894287109376
5.465473175048828,117.23580169677734
5.522372722625732,118.24264526367188
5.57958984375,119.24947357177734
5.584746837615967,1.8803178071975708
5.63712215423584,120.25628662109376
5.694968700408936,121.26307678222656
5.753127098083496,122.26985168457033
5.811595916748047,123.27660369873045
5.870373249053955,124.28334045410156
5.929457664489745,125.29005432128906
5.988846778869629,126.2967529296875
6.048539161682129,127.3034210205078
6.108532905578612,128.31007385253906
6.168826580047608,129.3166961669922
6.229418277740479,130.32330322265625
6.290305614471436,131.3298797607422
6.351487636566161,132.33644104003906
6.4129624366760245,133.3429718017578
6.474728107452393,134.34947204589844
6.536782741546631,135.35595703125
6.590433120727539,1.881397247314453
6.599124431610107,136.36239624023435
6.661752223968506,137.3688201904297
6.724663257598877,138.37521362304688
6.787856578826904,139.3815765380859
6.851329803466797,140.3879241943359
6.91508150100708,141.39422607421875
6.979110240936279,142.40049743652344
7.043413639068604,143.40673828125
7.10798978805542,144.41294860839844
7.172837734222412,145.41912841796875
7.237955093383789,146.4252777099609
7.303340435028077,147.4313812255859
7.36899185180664,148.4374542236328
7.43490743637085,149.44349670410156
7.5010857582092285,150.4495086669922
7.567524433135985,151.45547485351562
7.59611940383911,1.8824766874313357
7.634222030639648,152.4614105224609
7.701177120208739,153.46730041503906
7.768387794494629,154.47315979003906
7.835851669311523,155.47897338867188
7.903567314147949,156.48475646972656
7.971533298492431,157.490478515625
8.039748191833496,158.49618530273435
8.108208656311035,159.5018310546875
8.176914215087889,160.5074462890625
8.24586296081543,161.5130157470703
8.31505298614502,162.5185394287109
8.384482383728027,163.52403259277344
8.45414924621582,164.5294647216797
8.524052619934082,165.53485107421875
8.594189643859863,166.5402069091797
8.601805686950684,1.8835561275482176
8.664559364318846,167.54550170898435
8.735158920288086,168.55075073242188
8.805988311767578,169.5559539794922
8.877044677734375,170.5611114501953
8.948326110839844,171.56622314453125
9.019830703735352,172.5712890625
9.091557502746582,173.5762939453125
9.163503646850586,174.5812530517578
9.235669136047363,175.58615112304688
9.308050155639648,176.59100341796875
9.380645751953123,177.59580993652344
9.453454971313475,178.60055541992188
9.526474952697754,179.60525512695312
9.59970474243164,180.60989379882807
9.607491493225096,1.8846355676651
9.67314147949219,181.61448669433597
9.746784210205078,182.61900329589844
9.82063102722168,183.62347412109372
9.89468002319336,184.62789916992188
9.968929290771484,185.6322479248047
10.043377876281738,186.6365509033203
10.118022918701172,187.6407928466797
10.192863464355469,188.6449737548828
10.267897605895996,189.6490936279297
10.343122482299805,190.6531524658203
10.418538093566895,191.6571502685547
10.494141578674316,192.6610870361328
10.569931030273436,193.6649627685547
10.613177299499512,1.8857150077819824
10.64590549468994,194.6687774658203
10.722063064575195,195.6725311279297
10.79840087890625,196.67620849609372
10.874917984008787,197.6798248291016
10.951613426208496,198.68338012695312
11.028483390808104,199.68685913085935
11.105527877807615,200.69027709960935
11.182744979858398,201.69363403320312
11.2601318359375,202.6969146728516
11.337687492370604,203.70013427734372
11.415410041809082,204.70327758789065
11.493297576904297,205.70634460449216
11.571348190307615,206.70935058593753
11.618863105773924,1.8867944478988647
11.649560928344727,207.71228027343753
11.727932929992676,208.71514892578125
11.806462287902832,209.7179412841797
11.885149002075195,210.72064208984372
11.9639892578125,211.72329711914065
12.042983055114746,212.72586059570312
12.122127532958984,213.7283477783203
12.201420783996582,214.73075866699216
12.280861854553223,215.7331085205078
12.360447883605955,216.73536682128903
12.440177917480469,217.737548828125
12.520050048828123,218.7396545410156
12.600063323974608,219.7416839599609
12.624547958374023,1.8878738880157473
12.680213928222656,220.7436370849609
12.760501861572264,221.74549865722656
12.840924263000488,222.74728393554688
12.921480178833008,223.74899291992188
13.002167701721191,224.7506256103516
13.082983970642088,225.75216674804688
13.163928985595703,226.75363159179688
13.244999885559082,227.75500488281247
13.630233764648436,1.8889533281326292
14.278499603271484,227.85400390625
14.635919570922852,1.890032768249512
15.312000274658203,227.95300292968753
15.641604423522947,1.891112208366394
16.34550094604492,228.0520172119141
16.647289276123047,1.8921915292739868
17.378999710083008,228.15103149414065
17.65297508239746,1.8932709693908687
18.412500381469727,228.2500457763672
18.65865898132324,1.8943504095077517
19.44599914550781,228.34906005859372
19.664344787597656,1.8954298496246336
20.479499816894528,228.4480743408203
20.67002868652344,1.896509289741516
21.513000488281246,228.54710388183597
21.675714492797848,1.8975887298583984
22.546499252319332,228.6461334228516
22.681398391723633,1.8986681699752808
23.57999992370605,228.7451629638672
23.68708229064941,1.8997476100921633
24.613500595092773,228.8441925048828
24.692766189575195,1.9008270502090452
24.771137237548828,117.1144790649414
24.77273368835449,118.12574005126952
24.78199958801269,116.10299682617188
24.78681945800781,119.13648986816406
24.805286407470703,115.09160614013672
24.81343460083008,120.14642333984376
24.840965270996094,114.08059692382812
24.85260581970215,121.15525817871092
24.888999938964844,113.0702667236328
24.904373168945312,122.16268157958984
24.949359893798828,112.06092071533205
24.968765258789062,123.16839599609376
25.02200698852539,111.05284881591795
25.04582023620605,124.17210388183592
25.106910705566406,110.04635620117188
25.13556671142578,125.1735153198242
25.204036712646484,109.04173278808592
25.238044738769528,126.17232513427734
25.313352584838867,108.03929138183592
25.3532829284668,127.16822814941406
25.434822082519528,107.03931427001952
25.48131561279297,128.1609344482422
25.56841278076172,106.04210662841795
25.62217903137207,129.15016174316406
25.646999359130856,228.94322204589844
25.69845199584961,1.901906490325928
25.714088439941406,105.04796600341795
25.775905609130856,130.1355743408203
25.8718204498291,104.05719757080078
25.942529678344727,131.1168975830078
26.04157066345215,103.0700912475586
26.12208366394043,132.09384155273435
26.22330665588379,102.08694458007812
26.31460189819336,133.0660858154297
26.416996002197266,101.10806274414062
26.520116806030277,134.03334045410156
26.622604370117188,100.1337432861328
26.680500030517575,229.0422515869141
26.70413589477539,1.90298593044281
26.738664627075195,134.9953155517578
26.840095520019528,99.16427612304688
26.97027778625488,135.95169067382812
27.06943893432617,98.19996643066406
27.214990615844727,136.90220642089844
27.31060028076172,97.24111938476561
27.47283744812012,137.84652709960935
27.56354522705078,96.28801727294922
27.70981979370117,1.9040653705596924
27.714000701904297,229.14129638671875
27.743848800659176,138.78436279296875
27.82823944091797,95.34097290039062
28.028062820434567,139.71542358398435
28.104648590087887,94.40027618408205
28.32551002502441,140.639404296875
28.39274215698242,93.46622467041016
28.6362247467041,141.55601501464844
28.692481994628903,92.53912353515624
28.715503692626957,1.9051448106765747
28.747499465942383,229.24034118652344
28.960241317749023,142.46495056152344
29.003839492797848,91.61927032470705
29.297594070434567,143.3659210205078
29.3267765045166,90.70696258544922
29.6483154296875,144.2586212158203
29.6612606048584,89.80249023437501
29.72118759155273,1.9062242507934568
29.7810001373291,229.33938598632807
30.007259368896484,88.90615844726561
30.012439727783203,145.1427459716797
30.36473846435547,88.01827239990233
30.38999938964844,146.01800537109375
30.72686958312988,1.9073036909103396
30.73366355895996,87.13911437988281
30.81450080871582,229.4384307861328
30.856201171875,147.05355834960935
31.114000320434567,86.26899719238281
31.336694717407223,148.0796661376953
31.562742233276367,85.28321838378906
31.732553482055664,1.9083831310272217
31.83131217956543,149.09628295898435
31.847999572753903,229.53747558593753
32.02590560913086,84.30560302734375
32.33988952636719,150.10333251953125
32.503326416015625,83.33618164062499
32.73823928833008,1.909462571144104
32.86225509643555,151.1007537841797
32.881500244140625,229.63652038574216
32.994827270507805,82.37502288818358
33.398250579833984,152.0885009765625
33.500244140625,81.42215728759764
33.743919372558594,1.9105420112609863
33.915000915527344,229.73556518554688
33.94770050048828,153.0664825439453
34.01940155029297,80.47764587402342
34.51044464111328,154.03466796875
34.55213928222656,79.54151916503906
34.749603271484375,1.9116214513778689
34.94850158691406,229.83462524414065
35.08631134033203,154.9929656982422
35.0982780456543,78.61383819580078
35.65765380859375,77.69464874267578
35.675140380859375,155.9413299560547
35.75528717041016,1.9127008914947508
35.981998443603516,229.9336853027344
36.2300910949707,76.7839889526367
36.27675628662109,156.87969970703125
36.76097106933594,1.9137803316116333
36.8154296875,75.88191986083984
36.89099884033203,157.80799865722656
36.891000000000005,157.80800000000002
37.01549911499024,230.03273010253903
37.3786506652832,158.52479553222656
37.41349029541016,74.98847961425781
37.76665496826172,1.914859771728516
37.87381362915039,159.23541259765625
38.02410888671875,74.10371398925781
38.04100036621094,156.8350067138672
38.04899978637695,230.1317901611328
38.37642288208008,159.9398193359375
38.64711380004882,73.22766876220702
38.721843719482415,156.3011016845703
38.77233505249024,1.9159392118453975
38.88639831542969,160.6379852294922
39.08250045776367,230.23085021972656
39.2823371887207,72.36040496826173
39.40365982055664,161.32989501953125
39.40679931640625,155.7997283935547
39.778018951416016,1.91701865196228
39.92813491821289,162.01548767089844
39.92960739135742,71.501953125
40.09559631347656,155.32958984375
40.11600112915039,230.3299102783203
40.459747314453125,162.69476318359375
40.58875274658203,70.65237426757812
40.7837028503418,1.9180980920791624
40.787944793701165,154.88937377929688
40.99842071533203,163.36769104003906
41.14950180053711,230.4289703369141
41.25960540771484,69.81170654296875
41.48357391357422,154.4777374267578
41.5440788269043,164.03424072265625
41.78938674926758,1.9191775321960447
41.94200134277344,68.9800033569336
42.096641540527344,164.69436645507812
42.18220520019531,154.09336853027344
42.18299865722656,230.5280303955078
42.54248046875,68.26659393310547
42.65604019165039,165.34805297851562
42.79506683349609,1.9202569723129272
42.8835563659668,153.73495483398435
42.9640007019043,70.03099822998047
43.151390075683594,67.55997467041016
43.21649932861328,230.62710571289065
43.22219467163086,165.99526977539062
43.495315551757805,70.63907623291016
43.587345123291016,153.4011993408203
43.76861953735352,66.86016082763672
43.795024871826165,166.6359710693359
43.80075073242188,1.9213364124298091
44.03857421875,71.21105194091797
44.25,230.7261657714844
44.2933006286621,153.0907440185547
44.37446212768555,167.27015686035156
44.39406204223633,66.16719055175781
44.593299865722656,71.7484130859375
44.80643081665039,1.922415852546692
44.960426330566406,167.89779663085935
45.001140594482415,152.80230712890625
45.02760314941406,65.48108673095703
45.15903472900391,72.25262451171875
45.28350067138672,230.82522583007807
45.55284118652344,168.51882934570312
45.66913604736328,64.80188751220703
45.71058654785156,152.53456115722656
45.735313415527344,72.72515869140625
45.812114715576165,1.9234952926635744
46.15163040161133,169.1332550048828
46.31700134277344,230.9243011474609
46.31855010986328,64.12962341308594
46.32167053222656,73.16749572753906
46.42135620117188,152.2861785888672
46.75672149658203,169.7410430908203
46.81779861450195,1.9245747327804563
46.91764068603516,73.58110046386719
46.97573471069336,63.464309692382805
47.13317489624024,152.0558624267578
47.35049819946289,231.0233612060547
47.368030548095696,170.34214782714844
47.522754669189446,73.96744537353516
47.64058303833008,62.80598831176758
47.82347869873047,1.9256541728973389
47.84576416015625,151.8422698974609
47.98548889160156,170.93653869628906
48.13655471801758,74.32801055908203
48.31298065185546,62.15468597412109
48.38399887084961,231.12243652343753
48.558841705322266,151.64410400390625
48.60901641845703,171.5242156982422
48.75857162475586,74.66426086425781
48.82916259765625,1.9267336130142207
48.99282073974609,61.51043319702149
49.2385368347168,172.10511779785156
49.27212905883789,151.4600372314453
49.38834381103516,74.97767639160156
49.41749954223633,231.2215118408203
49.67999649047852,60.87325668334961
49.834842681884766,1.9278130531311035
49.873977661132805,172.67922973632812
49.9853515625,151.2887420654297
50.0254020690918,75.26972961425781
50.37438964843751,60.243186950683594
50.45100021362305,231.3205718994141
50.51525878906249,173.2465362548828
50.669281005859375,75.54188537597656
50.69822692871094,151.12893676757812
50.840526580810554,1.9288924932479856
51.07589721679688,59.62025833129882
51.162307739257805,173.80697631835935
51.31951904296875,75.79562377929686
51.41047668457031,150.97926330566406
51.484500885009766,231.41964721679688
51.78440856933594,59.004493713378906
51.815044403076165,174.3605499267578
51.846206665039055,1.929971933364868
51.97565078735352,76.03241729736328
52.12182235717773,150.83843994140625
52.473392486572266,174.9072113037109
52.499813079833984,58.39592361450195
52.51800155639648,231.5187225341797
52.63721084594727,76.2537384033203
52.83198165893555,150.7051239013672
52.85189056396484,1.9310513734817505
53.13727951049805,175.4469451904297
53.22200012207031,57.79458236694336
53.303733825683594,76.4610595703125
53.54068374633789,150.57801818847656
53.55149841308594,231.61778259277344
53.80662536621094,175.97970581054688
53.85757064819336,1.9321308135986328
53.95085906982422,57.200496673583984
53.97475433349609,76.65585327148438
54.24764251708984,150.45578002929688
54.48135757446289,176.50546264648435
54.584999084472656,231.71685791015625
54.64980697631836,76.83959197998048
54.686283111572266,56.61369705200195
54.86325454711913,1.9332102537155151
54.95258331298828,150.3371124267578
55.161399841308594,177.0242156982422
55.328426361083984,77.01374816894531
55.42816162109375,56.034210205078125
55.618499755859375,231.81593322753903
55.65522384643555,150.220703125
55.84667205810546,177.53590393066406
55.868934631347656,1.9342896938323972
56.010150909423835,77.17980194091795
56.1763801574707,55.46207046508789
56.35528945922852,150.1052093505859
56.5370979309082,178.0405120849609
56.65200042724609,231.9149932861328
56.69451141357422,77.3392105102539
56.874614715576165,1.93536913394928
56.93083953857422,54.89730072021484
57.052494049072266,149.9893341064453
57.232608795166016,178.5380096435547
57.381046295166016,77.49346160888672
57.6914176940918,54.33993911743164
57.70094299316406,232.0154571533203
57.7465705871582,149.8717498779297
57.88029861450195,1.936448574066162
57.933120727539055,179.02838134765625
58.069290161132805,77.64402770996092
58.43722915649414,149.75115966796875
58.45801162719727,53.79000854492188
58.6385612487793,179.51156616210935
58.75002670288086,232.11558532714844
58.75877380371094,77.79237365722656
58.88597869873047,1.9375280141830444
59.12419509887695,149.626220703125
59.230514526367195,53.24754333496094
59.34885025024414,179.98756408691406
59.44903945922852,77.93997192382812
59.799259185791016,232.21507263183597
59.80718994140625,149.49562072753906
59.89165878295898,1.9386074542999268
60.00880813598633,52.712566375732415
60.063919067382805,180.45632934570312
60.13961410522461,78.08830261230467
60.48593521118164,149.35806274414062
60.78368377685546,180.91784667968753
60.79278945922852,52.18511581420898
60.830039978027344,78.23883819580078
60.84864044189453,232.3136138916016
60.897342681884766,1.9396868944168089
61.16014862060546,149.2122039794922
61.50807189941406,181.3720703125
61.51984786987305,78.3930435180664
61.582344055175774,51.66521453857422
61.82955551147461,149.05674743652344
61.89817810058594,232.4108428955078
61.90302276611328,1.9407663345336916
62.20857238769531,78.55239868164062
62.23700714111328,181.8189849853516
62.37736511230469,51.15289688110352
62.49387741088867,148.89035034179688
62.89574813842773,78.71837615966797
62.9087028503418,1.9418457746505735
62.94787597656249,232.50645446777344
62.970409393310554,182.2585601806641
63.15283203125,148.71173095703125
63.17774200439453,50.64818954467773
63.58091735839844,78.89244842529295
63.70820999145508,182.6907501220703
63.8061408996582,148.51954650878906
63.91438674926758,1.942925214767456
63.98336791992188,50.151123046875
63.99774169921875,232.60012817382807
64.26360321044922,79.07608032226561
64.45032501220703,183.1155548095703
64.45352935791016,148.3124847412109
64.79412841796875,49.66172790527344
64.9200668334961,1.9440046548843384
64.94335174560547,79.27075958251953
65.04777526855469,232.69151306152344
65.09471130371094,148.0892333984375
65.19668579101562,183.5329132080078
65.60990905761719,49.18003082275391
65.61969757080078,79.47795104980467
65.72941589355469,147.8484649658203
65.92575073242188,1.9450840950012207
65.94721221923828,183.9428253173828
66.09799194335938,232.7803192138672
66.29216003417969,79.69912719726561
66.35736083984375,147.58888244628906
66.43061828613281,48.7060661315918
66.70182800292969,184.34524536132807
66.93142700195312,1.9461635351181032
66.96029663085938,79.93576049804686
66.97826385498047,147.30914306640625
67.14839172363281,232.8661956787109
67.2561264038086,48.23986053466797
67.46045684814453,184.7401428222656
67.59185028076172,147.00794982910156
67.62362670898438,80.18932342529295
67.9371109008789,1.9472429752349851
68.08633422851562,47.78144073486328
68.19783782958984,146.68397521972656
68.198974609375,232.9488220214844
68.2230224609375,185.12750244140625
68.28168487548828,80.46129608154298
68.79595184326172,146.33590698242188
68.92112731933594,47.330841064453125
68.93402099609375,80.75314331054686
68.94278717041016,1.948322415351868
68.98944854736328,185.5072784423828
69.24974822998047,233.0278778076172
69.38591766357422,145.96243286132812
69.58015441894531,81.06634521484375
69.75965881347656,185.87945556640625
69.7603988647461,46.888092041015625
69.94847106933594,1.94940185546875
69.96744537353516,145.5622100830078
70.2196273803711,81.40236663818358
70.30072784423828,233.10302734375
70.53357696533203,186.24400329589844
70.5402603149414,145.1339569091797
70.60403442382812,46.453216552734375
70.85197448730469,81.76268005371092
70.95415496826172,1.9504812955856323
71.10408020019531,144.67633056640625
71.31112670898438,186.60087585449216
71.3519058227539,233.17395019531247
71.45193481445312,46.026248931884766
71.47672271728516,82.14876556396483
71.65863800048828,144.1880340576172
71.95983123779297,1.9515607357025144
72.09223937988281,186.95007324218753
72.09342193603516,82.56209564208984
72.20364379882812,143.667724609375
72.3039779663086,45.60721969604492
72.40328979492188,233.2403259277344
72.70159912109375,83.00414276123047
72.73882293701172,143.11410522460935
72.87682342529295,187.29153442382807
72.96551513671875,1.9526401758193968
73.16006469726561,45.19615936279297
73.26390075683594,142.52584838867188
73.30078887939453,83.4763717651367
73.4548873901367,233.30181884765625
73.6648178100586,187.625244140625
73.7785873413086,141.90164184570312
73.89051818847656,83.98026275634764
73.97119140625,1.9537196159362793
74.02008056640625,44.79309082031249
74.28260803222656,141.24017333984375
74.45613861083984,187.95118713378903
74.47034454345702,84.51728820800781
74.50670623779295,233.3581085205078
74.77569580078125,140.54013061523435
74.8839111328125,44.398052215576165
74.97687530517578,1.9547990560531616
75.03977966308594,85.08892059326173
75.25070953369139,188.26931762695312
75.25755310058594,139.8001708984375
75.55874633789062,233.4088592529297
75.59837341308594,85.69664001464844
75.72791290283203,139.0189971923828
75.75144958496092,44.01106643676758
75.98255920410156,1.955878496170044
76.04845428466797,188.57960510253903
76.1456527709961,86.34190368652342
76.18649291992188,138.19528198242188
76.61102294921875,233.45376586914065
76.62258911132812,43.6321678161621
76.63301849365233,137.3277130126953
76.68115234375,87.02619171142578
76.84930419921875,188.8820343017578
76.98823547363281,1.9569579362869265
77.06719970703125,136.41497802734375
77.20441436767578,87.75098419189453
77.48876953125,135.4557647705078
77.49722290039062,43.26138305664063
77.6531753540039,189.17655944824216
77.66352844238281,233.49247741699216
77.7149658203125,88.51774597167967
77.89744567871092,134.44873046875
77.9939193725586,1.9580373764038084
78.21234893798828,89.32794952392578
78.29295349121092,133.39259338378906
78.37522888183594,42.89874267578125
78.45999145507811,189.46316528320312
78.67500305175781,132.28599548339844
78.6960983276367,90.18307495117188
78.71627044677734,233.52468872070312
78.93644714355469,131.47506713867188
78.99959564208984,1.9591168165206907
79.16574096679686,91.08458709716797
79.19384002685545,130.63232421875
79.25650787353516,42.54427337646484
79.2696762084961,189.74182128906247
79.44657135009764,129.75958251953125
79.62081909179686,92.03396606445312
79.69403076171875,128.85867309570312
79.76926422119139,233.5500640869141
79.93559265136719,127.93140411376952
80.00527954101561,1.9601962566375728
80.06085968017578,93.03267669677734
80.08216094970702,190.01249694824216
80.1409454345703,42.19801330566406
80.17066192626953,126.97957611083984
80.3986129760742,126.0050048828125
80.48541259765625,94.08219909667967
80.61883544921875,125.00950622558592
80.82250213623047,233.5682678222656
80.83072662353516,123.9948959350586
80.89399719238281,95.18399810791016
80.89735412597656,190.275146484375
81.01095581054686,1.9612756967544556
81.02843475341795,41.859981536865234
81.0336685180664,122.96298217773436
81.16403198242188,95.99793243408205
81.22705078125,121.91557312011717
81.4085922241211,96.84350585937501
81.41026306152342,120.8544921875
81.58267974853516,119.78154754638672
81.62828826904298,97.71890258789062
81.71520233154298,190.5297698974609
81.74370574951172,118.69854736328124
81.82373046875,98.62231445312499
81.87599945068358,233.57899475097656
81.8927230834961,117.60730743408205
81.91886901855469,41.530216217041016
81.99553680419923,99.55191802978516
82.01663970947266,1.9623551368713377
82.02912139892578,116.5096435546875
82.14431762695312,100.50591278076172
82.15228271484375,115.40735626220705
82.2615966796875,114.30227661132812
82.27069091796875,101.48248291015624
82.35646057128906,113.19620513916016
82.37525177001953,102.47981262207033
82.43624877929686,112.09095001220705
82.45862579345702,103.49608612060545
82.50035858154298,110.98833465576172
82.52143096923827,104.52950286865234
82.53560638427734,190.7763214111328
82.5481719970703,109.89017486572264
82.5642623901367,105.57823944091795
82.57908630371092,108.79826354980467
82.58773803710938,106.64048767089844
82.59247589111328,107.71443176269533
82.81212615966797,41.208740234375
82.91263580322266,233.58203125
83.0223159790039,1.96343457698822
83.35850524902342,191.01477050781247
83.70810699462889,40.89558792114258
83.9490737915039,233.57774353027344
84.02799987792967,1.9645140171051023
84.1838150024414,191.24508666992188
84.60669708251953,40.59078598022461
84.98530578613281,233.56637573242188
85.01146697998048,191.46725463867188
85.03367614746092,1.9655934572219849
85.5077896118164,40.29436874389648
85.84136962890625,191.68122863769528
86.02133178710938,233.5481719970703
86.03936004638672,1.9666728973388672
86.4112777709961,40.0063591003418
86.67346954345702,191.88699340820312
87.04503631591795,1.9677523374557493
87.05715942382812,233.52337646484372
87.31704711914062,39.72679138183594
87.5076675415039,192.0845184326172
88.05072021484375,1.968831777572632
88.09278869628906,233.4922332763672
88.22498321533203,39.455692291259766
88.34391021728516,192.2737579345703
89.05639648437501,1.969911217689514
89.12821197509764,233.4550018310547
89.13497924804686,39.19309616088867
89.18209838867188,192.45471191406247
90.02217102050781,192.62731933593753
90.04693603515625,38.93902969360352
90.06208038330078,1.9709906578063965
90.16344451904298,233.41191101074216
90.86405181884764,192.79156494140625
90.96073150634764,38.69351959228516
91.06776428222656,1.9720700979232788
91.19847869873047,233.3632049560547
91.70765686035155,192.9474334716797
91.87625885009763,38.45659637451172
92.0734405517578,1.973149538040161
92.23332214355469,233.30914306640625
92.5529098510742,193.09487915039065
92.7934112548828,38.228294372558594
93.0791244506836,1.9742289781570437
93.2679672241211,233.24993896484372
93.39974212646483,193.2338714599609
93.71207427978516,38.00864028930664
94.08480072021484,1.9753084182739256
94.24807739257811,193.3643951416016
94.30241394042967,233.1858673095703
94.63214111328125,37.797664642333984
95.09047698974608,1.976387858390808
95.0978317260742,193.48640441894528
95.33667755126952,233.1171722412109
95.55350494384764,37.59539413452149
95.94893646240233,193.59988403320312
96.09616088867188,1.9774672985076904
96.37075042724608,233.0440826416016
96.4760513305664,37.40186309814453
96.80130767822264,193.70480346679688
97.10183715820312,1.9785467386245728
97.39966583251952,37.21709442138672
97.40463256835936,232.9668426513672
97.65487670898435,193.80113220214844
98.10752105712889,1.9796261787414553
98.32424926757811,37.0411262512207
98.43832397460936,232.88571166992188
98.50955963134764,193.88882446289065
99.11319732666016,1.9807056188583372
99.24968719482419,36.87398147583008
99.36528778076173,193.96788024902344
99.47183227539062,232.8009185791016
100.11888122558592,1.98178505897522
100.17587280273436,36.71569061279297
100.22198486328124,194.03823852539065
100.5051498413086,232.7127227783203
101.0795669555664,194.09989929199216
101.10268402099608,36.566287994384766
101.12455749511717,1.982864499092102
101.53829193115234,232.6213531494141
101.9379653930664,194.15283203125
102.030029296875,36.425796508789055
102.13024139404295,1.9839439392089844
102.5712432861328,232.52706909179688
102.79710388183592,194.1969757080078
102.9577865600586,36.29425048828125
103.1359176635742,1.9850233793258665
103.60401153564452,232.4300994873047
103.65689849853516,194.2323303222656
103.88584899902344,36.17167663574219
104.1416015625,1.9861028194427488
104.51728057861328,194.25886535644528
104.63660430908205,232.3307037353516
104.81410980224608,36.05810928344727
105.14727783203124,1.9871822595596316
105.378173828125,194.27655029296875
105.66902160644533,232.22911071777344
105.74244689941406,35.953575134277344
106.15296173095705,1.9882616996765137
106.239501953125,194.28533935546875
106.24818420410156,113.7203369140625
106.25193786621092,114.56071472167967
106.263916015625,112.88005065917967
106.27513885498045,115.40086364746092
106.29916381835936,112.04017639160156
106.31775665283205,116.24044036865234
106.35397338867188,111.2010498046875
106.37974548339844,117.07913970947264
106.42837524414062,110.36298370361328
106.46108245849608,117.91661834716795
106.52240753173828,109.52630615234376
106.5617218017578,118.7525634765625
106.63610076904295,108.69135284423828
106.67076873779295,35.85810089111328
106.68163299560545,119.5866470336914
106.70125579833984,232.1255798339844
106.76949310302734,107.85843658447264
106.8207778930664,120.41854095458984
106.92261505126952,107.02789306640624
106.97911834716795,121.24791717529295
107.09551239013672,106.20004272460936
107.10118103027344,194.28521728515625
107.15662384033205,122.07445526123045
107.15863800048828,1.989341139793396
107.28822326660156,105.37521362304688
107.35325622558592,122.8978271484375
107.50077056884764,104.55372619628906
107.56898498535156,123.7177047729492
107.59895324707033,35.77172088623047
107.73319244384764,103.73591613769533
107.73330688476562,232.02035522460935
107.80376434326172,124.53377532958984
107.96314239501952,194.27615356445312
107.98553466796876,102.9220962524414
108.05756378173828,125.34569549560545
108.16432189941406,1.9904205799102783
108.25782775878906,102.11260223388672
108.3303451538086,126.15315246582033
108.52690124511717,35.694461822509766
108.55010223388672,101.30774688720705
108.62207794189452,126.95581817626952
108.76519012451172,231.91368103027344
108.82530975341795,194.2581329345703
108.8624038696289,100.50787353515624
108.9327163696289,127.75335693359376
109.16999816894533,1.9915000200271609
109.1947555541992,99.71329498291016
109.26223754882812,128.5454559326172
109.45449066162108,35.6263542175293
109.54720306396484,98.9243392944336
109.610595703125,129.331787109375
109.68760681152344,194.2310943603516
109.7968978881836,231.80578613281247
109.91978454589844,98.14133453369139
109.9777603149414,130.11203002929688
110.17568206787108,1.9925794601440427
110.3125228881836,97.36460876464845
110.36369323730467,130.88583374023435
110.3816146850586,35.56742858886719
110.54994964599608,194.19503784179688
110.72547149658205,96.59447479248048
110.76835632324217,131.6529083251953
110.82843017578124,231.69692993164065
111.1586456298828,95.8312759399414
111.18135833740234,1.9936589002609248
111.19171905517578,132.41290283203125
111.30816650390624,35.5177116394043
111.41227722167967,194.14991760253903
111.61209869384764,95.07532501220705
111.63375091552734,133.16549682617188
111.85978698730467,231.58734130859372
112.08586120605467,94.32695007324217
112.09439849853516,133.91036987304688
112.18704223632812,1.994738340377808
112.23403930664062,35.47723770141601
112.27449798583984,194.09571838378903
112.57363891601562,134.6472015380859
112.57996368408205,93.58647918701172
112.89098358154295,231.477294921875
113.07143402099608,135.3756561279297
113.09444427490234,92.85423278808592
113.13654327392578,194.0323944091797
113.15911865234376,35.4460334777832
113.19271850585936,1.9958177804946895
113.58775329589844,136.0954132080078
113.6293487548828,92.13054656982419
113.9219970703125,231.36700439453125
113.99833679199217,193.9599151611328
114.08329010009764,35.42412567138672
114.12254333496092,136.8061370849609
114.1846923828125,91.41573333740233
114.19840240478516,1.996897220611572
114.67578887939452,137.50750732421875
114.76052856445312,90.71012878417967
114.8597946166992,193.87828063964844
114.9333724975586,231.2587432861328
115.00645446777344,35.41154861450195
115.2040786743164,1.9979766607284544
115.24744415283205,138.19921875
115.3568878173828,90.01405334472656
115.72085571289062,193.7874298095703
115.83747100830078,138.88092041015625
115.92849731445312,35.40833282470703
115.9447784423828,231.1504821777344
115.9738082885742,89.32782745361328
116.20976257324217,1.9990561008453367
116.44584655761717,139.5522918701172
116.58143615722656,193.68736267089844
116.61132049560545,88.65179443359375
116.84931182861328,35.414505004882805
116.95621490478516,231.0421600341797
117.07251739501952,140.2130126953125
117.21543884277344,2.0001354217529297
117.2694625854492,87.98625946044922
117.44145202636717,193.57801818847656
117.7174606323242,140.8627471923828
117.7687759399414,35.43009185791016
117.94827270507812,87.33155822753906
117.96768188476562,230.9337921142578
118.2211227416992,2.001214981079101
118.30084228515624,193.4593963623047
118.38063049316406,141.50119018554688
118.64778137207033,86.68801879882812
118.68679809570312,35.45512771606445
118.97917175292967,230.82534790039065
119.06199645996092,142.1280059814453
119.15951538085936,193.33143615722656
119.22679901123045,2.0022943019866943
119.36802673339844,86.05596160888672
119.6032485961914,35.48964309692383
119.7680206298828,142.74285888671875
119.99068450927734,230.71681213378903
120.01741027832033,193.19413757324216
120.10904693603516,85.43571472167967
120.23248291015624,2.003373861312866
120.48812103271484,143.3314666748047
120.51803588867188,35.53366470336914
120.87088012695312,84.82759857177734
120.87443542480467,193.04747009277344
121.00221252441406,230.6081695556641
121.22174072265624,143.89486694335935
121.2381591796875,2.004453182220459
121.43103790283205,35.587223052978516
121.65354919433592,84.23194885253906
121.73052215576172,192.89138793945312
121.96830749511717,144.43409729003906
122.01375579833984,230.49940490722656
122.24383544921876,2.005532741546631
122.34215545654295,35.650344848632805
122.45710754394533,83.64907836914062
122.58560180664062,192.72586059570312
122.72726440429688,144.9502410888672
123.02530670166016,230.39050292968753
123.24951934814452,2.006612062454224
123.25126647949217,35.72306442260742
123.28157806396484,83.0793228149414
123.43958282470705,192.5508728027344
123.498046875,145.44430541992188
124.036865234375,230.28143310546875
124.12699890136717,82.52300262451172
124.15827178955078,35.80541229248047
124.25519561767578,2.0076916217803955
124.28007507324217,145.91737365722656
124.29240417480467,192.36639404296875
124.96530151367188,82.00286102294922
125.04843139648436,230.1721954345703
125.06305694580078,35.89741134643555
125.07280731201172,146.37049865722656
125.1439743041992,192.17239379882807
125.26087951660156,2.008770942687988
125.80599975585936,81.5165023803711
125.8756637573242,146.80470275878906
125.96551513671876,35.99909591674805
125.99423217773436,191.9688415527344
126.0599899291992,230.0627593994141
126.2665557861328,2.00985050201416
126.64891052246092,81.06275177001953
126.68807983398436,147.22105407714844
126.84309387207033,191.75570678710935
126.86553192138672,36.11049652099609
127.07154846191406,229.953125
127.2722396850586,2.010929822921753
127.49386596679688,80.64044952392578
127.5094985961914,147.62060546875
127.69048309326172,191.532958984375
127.76299285888672,36.231639862060554
128.08309936523435,229.84326171875
128.27792358398435,2.012009382247925
128.33935546875,148.00440979003906
128.34068298339844,80.2484359741211
128.53631591796875,191.30058288574216
128.65780639648435,36.36255645751953
129.0946502685547,229.733154296875
129.17706298828125,148.37350463867188
129.1891937255859,79.8855514526367
129.28359985351562,2.013088703155517
129.3805389404297,191.05853271484372
129.54983520507812,36.503276824951165
130.0220947265625,148.7289581298828
130.03921508789062,79.5506362915039
130.1061859130859,229.62278747558597
130.22305297851562,190.8067779541016
130.28927612304688,2.014168262481689
130.43899536132812,36.65382766723633
130.8738555908203,149.07180786132812
130.89056396484375,79.24252319335938
131.0637969970703,190.54530334472656
131.11769104003906,229.51214599609372
131.2949676513672,2.0152475833892822
131.32516479492188,36.81424331665039
131.7318115234375,149.40310668945312
131.74307250976562,78.96005249023438
131.90267944335935,190.2740631103516
132.1291961669922,229.40121459960935
132.208251953125,36.98455047607422
132.30064392089844,2.016327142715454
132.59535217285156,149.72390747070312
132.5965576171875,78.70207214355469
132.73963928222656,189.99304199218753
133.08810424804688,37.16477966308594
133.1406707763672,229.2899627685547
133.3063201904297,2.017406463623047
133.4508514404297,78.4674072265625
133.46395874023435,150.03526306152344
133.57460021972656,189.70220947265625
133.96466064453125,37.35496139526367
134.15211486816406,229.1783905029297
134.30577087402344,78.25490570068358
134.3119964599609,2.0184860229492188
134.3370361328125,150.3382110595703
134.407470703125,189.4015350341797
134.83778381347656,37.55512237548828
135.16114807128906,78.06340026855469
135.1635284423828,229.06648254394528
135.2140350341797,150.6338348388672
135.23818969726562,189.0909881591797
135.31768798828125,2.0195653438568115
135.70736694335935,37.76529312133789
136.01678466796875,77.89173889160156
136.06666564941406,188.77053833007807
136.09439086914062,150.9231414794922
136.17491149902344,228.95420837402344
136.3233642578125,2.0206449031829834
136.57330322265625,37.98550415039063
136.87252807617188,77.73875427246092
136.89283752441406,188.44017028808597
136.9775238037109,151.20721435546875
137.18624877929688,228.841552734375
137.32904052734375,2.021724224090576
137.4354705810547,38.21578598022461
137.7166290283203,188.09982299804688
137.72817993164062,77.60327911376953
137.86288452148435,151.48709106445312
138.1975555419922,228.728515625
138.29379272460935,38.4561653137207
138.334716796875,2.022803783416748
138.53794860839844,187.7494964599609
138.5835723876953,77.48416137695312
138.74990844726562,151.76382446289062
139.1481170654297,38.7066764831543
139.2088165283203,228.61505126953125
139.3404083251953,2.023883104324341
139.3567352294922,187.38916015625
139.43853759765625,77.38024139404298
139.6380157470703,152.03846740722656
139.9983673095703,38.96734619140625
140.17291259765625,187.01876831054688
140.22003173828125,228.50115966796875
140.2928924560547,77.29035186767578
140.34608459472656,2.0249626636505127
140.5266571044922,152.31207275390625
140.84442138671875,39.23820114135742
140.98638916015625,186.63830566406247
141.14645385742188,77.21333312988281
141.2311859130859,228.38684082031247
141.3517608642578,2.026041984558105
141.4152679443359,152.5856781005859
141.68617248535156,39.5192756652832
141.7971038818359,186.24774169921875
141.99905395507812,77.14801788330078
142.24229431152344,228.27204895019528
142.30328369140625,152.8603515625
142.35743713378906,2.0271215438842773
142.52349853515625,39.81060028076172
142.60498046875,185.84703063964844
142.85052490234375,77.09326171875
143.19012451171875,153.1371307373047
143.2533416748047,228.15676879882807
143.35630798339844,40.11219787597656
143.36312866210935,2.02820086479187
143.40992736816406,185.43615722656247
143.70065307617188,77.04788208007811
144.0752410888672,153.4170684814453
144.18447875976562,40.424102783203125
144.21188354492188,185.01510620117188
144.26434326171875,228.041015625
144.36880493164062,2.0292804241180415
144.5493011474609,77.0107421875
144.9580535888672,153.7012176513672
145.00790405273435,40.74634552001953
145.01077270507812,184.58383178710935
145.2752685546875,227.9247283935547
145.37448120117188,2.0303597450256348
145.39627075195312,76.98065948486328
145.8065185546875,184.14230346679688
145.82647705078125,41.07895660400391
145.83802795410156,153.99063110351562
146.24139404296875,76.95648193359375
146.2861328125,227.80792236328125
146.3801727294922,2.031439304351806
146.59902954101562,183.69049072265625
146.64007568359375,41.42195892333984
146.71456909179688,154.2863616943359
147.08448791503906,76.93704223632812
147.2969207763672,227.6905670166016
147.38584899902344,2.0325186252593994
147.38824462890625,183.22837829589844
147.4486083984375,41.775390625
147.5871124267578,154.58946228027344
147.92538452148435,76.92118835449217
148.17408752441406,182.75592041015625
148.25196838378906,42.13927459716797
148.30763244628906,227.5726623535156
148.3915252685547,2.0335981845855713
148.45510864257812,154.90097045898435
148.7639007568359,76.90775299072266
148.9564666748047,182.27310180664065
149.05001831054688,42.51364135742188
149.3179931640625,155.22193908691406
149.31826782226562,227.45416259765625
149.397216796875,2.034677505493164
149.599853515625,76.89558410644531
149.7353363037109,181.77989196777344
149.84266662597656,42.89852523803711
150.17520141601562,155.55343627929688
150.32882690429688,227.33506774902344
150.40289306640625,2.035757064819336
150.4330902099609,76.88350677490233
150.51058959960935,181.27624511718753
150.6298065185547,43.29394912719727
151.02615356445312,155.89649963378906
151.26339721679688,76.87036132812499
151.28216552734375,180.7621612548828
151.33929443359375,227.21536254882807
151.4085693359375,2.0368363857269287
151.41131591796875,43.699951171875
151.87030029296875,156.25216674804688
152.0499725341797,180.23757934570312
152.0906219482422,76.85500335693358
152.1870880126953,44.11655426025391
152.3496856689453,227.09503173828125
152.41424560546875,2.0379159450531006
152.70706176757812,156.62152099609375
152.81396484375,179.70249938964844
152.91458129882812,76.83625030517578
152.95703125,44.5437889099121
153.35997009277344,226.9740447998047
153.41993713378906,2.0389952659606934
153.535888671875,157.00558471679688
153.57403564453125,179.15687561035156
153.72100830078125,44.98168563842773
153.735107421875,76.81295013427734
154.3301239013672,178.60067749023435
154.35621643066406,157.40542602539062
154.37017822265625,226.85240173339844
154.4256134033203,2.040074825286865
154.4789276123047,45.430274963378906
154.55201721191406,76.78395080566406
155.08213806152344,178.03387451171875
155.1674652099609,157.82208251953125
155.23068237304688,45.88958740234375
155.36512756347656,76.74807739257811
155.38026428222656,226.7300720214844
155.43128967285156,2.041154146194458
155.8300323486328,177.45645141601562
155.96908569335935,158.25660705566406
155.9761505126953,46.359649658203125
156.1742706298828,76.70417022705078
156.39027404785156,226.60704040527344
156.43698120117188,2.0422337055206294
156.57369995117188,176.86837768554688
156.71522521972656,46.84049224853516
156.76051330566406,158.71006774902344
156.97926330566406,76.65106964111328
157.31309509277344,176.2696075439453
157.40016174316406,226.48329162597656
157.44265747070312,2.043313026428222
157.4477996826172,47.33214569091797
157.54116821289062,159.18348693847656
157.77992248535156,76.58762359619139
158.04811096191406,175.66012573242188
158.17376708984375,47.834636688232415
158.3105010986328,159.6779327392578
158.4099578857422,226.35882568359372
158.44833374023435,2.0443925857543945
158.5760955810547,76.51265716552734
158.7786865234375,175.03990173339844
158.89300537109375,48.34799957275391
159.06793212890625,160.1944580078125
159.36758422851562,76.42501831054686
159.4196319580078,226.2335968017578
159.4540252685547,2.0454719066619877
159.50474548339844,174.40890502929688
159.72662353515625,48.9649543762207
159.8129119873047,160.7341156005859
160.1542205810547,76.32354736328125
160.2261962890625,173.76710510253906
160.4291839599609,226.1076202392578
160.4597015380859,2.046551465988159
160.5448760986328,161.29794311523435
160.54762268066406,49.5979881286621
160.93582153320312,76.20707702636719
160.9429931640625,173.11447143554688
161.26324462890625,161.88699340820312
161.3562774658203,50.24661636352539
161.43862915039062,225.98085021972656
161.4653778076172,2.047630786895752
161.655029296875,172.4509735107422
161.7122039794922,76.0744400024414
161.96746826171875,162.50233459472656
162.1527862548828,50.91036987304688
162.36224365234375,171.7765960693359
162.4479522705078,225.853271484375
162.4710693359375,2.048710346221924
162.48321533203125,75.92449188232422
162.6569671630859,163.14498901367188
162.93740844726562,51.58876800537109
163.0645751953125,171.0912933349609
163.2486572265625,75.75605773925781
163.33119201660156,163.81602478027344
163.45713806152344,225.72489929199216
163.47674560546875,2.0497896671295166
163.7103729248047,52.28133773803711
163.7619171142578,170.39505004882812
163.9895782470703,164.51649475097656
164.00836181640625,75.56798553466797
164.45420837402344,169.6878204345703
164.46621704101562,225.59567260742188
164.47193908691406,52.987606048583984
164.482421875,2.0508692264556885
164.6315460205078,165.24745178222656
164.76214599609375,75.35910034179686
165.141357421875,168.96958923339844
165.22232055664062,53.70709228515625
165.2565460205078,166.0099334716797
165.4751434326172,225.46560668945312
165.4881134033203,2.051948547363281
165.5098419189453,75.12825775146483
165.8233184814453,168.24032592773435
165.8639984130859,166.80499267578125
165.96176147460935,54.43932342529297
166.2512664794922,74.8742904663086
166.48394775390625,225.3346710205078
166.49378967285156,2.0530281066894527
166.5,167.5
166.5,167.50099999999995
166.6905059814453,55.18382263183594
166.98623657226562,74.59603118896483
167.27760314941406,166.5428009033203
167.40878295898435,55.94011688232422
167.4925994873047,225.20285034179688
167.49948120117188,2.0541074275970455
167.714599609375,74.29232788085938
168.0409698486328,165.59228515625
168.11685180664062,56.70772552490234
168.4361572265625,73.96201324462889
168.50112915039062,225.07012939453125
168.50515747070312,2.0551869869232178
168.79014587402344,164.64822387695312
168.8149261474609,57.486175537109375
169.15072631835935,73.60392761230467
169.50326538085935,58.27499008178711
169.5095062255859,224.93649291992188
169.51083374023435,2.0562663078308105
169.5251922607422,163.7103729248047
169.858154296875,73.21691131591795
170.18209838867188,59.07369613647461
170.24618530273435,162.7785186767578
170.5165252685547,2.0573458671569824
170.51773071289062,224.8019256591797
170.55824279785156,72.79979705810547
170.85165405273435,59.881813049316406
170.9531707763672,161.8524169921875
171.25082397460935,72.35143280029295
171.5121917724609,60.69887161254882
171.5222015380859,2.058425188064575
171.5258026123047,224.6664123535156
171.64620971679688,160.9318389892578
171.93572998046875,71.87065124511719
172.16392517089844,61.524391174316406
172.32537841796875,160.01654052734375
172.5278778076172,2.059504747390747
172.53372192382812,224.5299224853516
172.61276245117188,71.35629272460938
172.8071136474609,62.35789489746094
172.9907073974609,159.10629272460935
173.28176879882812,70.80719757080078
173.44198608398435,63.19891357421875
173.5335693359375,2.06058406829834
173.54147338867188,224.39244079589844
173.64227294921875,158.20086669921875
173.9425506591797,70.22219848632812
174.06878662109375,64.04696655273438
174.28013610839844,157.30001831054688
174.53924560546875,2.061663627624512
174.549072265625,224.25396728515625
174.59494018554688,69.60014343261719
174.68775939941406,64.90157318115233
174.9043426513672,156.40353393554688
175.23876953125,68.93986511230469
175.2991180419922,65.76226806640625
175.51498413085935,155.5111541748047
175.54493713378906,2.0627429485321045
175.55650329589844,224.11447143554688
175.87384033203125,68.24020385742188
175.9031219482422,66.62857055664062
176.11207580566406,154.62265014648435
176.5,67.5
176.5506134033203,2.0638225078582764
176.5637664794922,223.9739532470703
176.6957244873047,153.73780822753906
177.14212036132812,68.46159362792969
177.2659454345703,152.8563690185547
177.55630493164062,2.0649018287658687
177.5708465576172,223.83236694335935
177.76699829101562,69.41981506347656
177.8228302001953,151.97811889648435
178.36642456054688,151.10279846191406
178.374755859375,70.37492370605469
178.56198120117188,2.065981388092041
178.5777587890625,223.6897125244141
178.89678955078125,150.2302093505859
178.96551513671875,71.32718658447266
179.41400146484375,149.3600921630859
179.53939819335935,72.27686309814453
179.56765747070312,2.067060708999634
179.58450317382812,223.54597473144528
179.9180908203125,148.49221801757812
180.0965118408203,73.22422027587889
180.4091339111328,147.62635803222656
180.57334899902344,2.0681402683258057
180.59104919433597,223.4011383056641
180.6369781494141,74.16950988769531
180.8871917724609,146.7622833251953
181.16093444824216,75.11299896240233
181.3523101806641,145.8997344970703
181.5790252685547,2.0692195892333984
181.597412109375,223.25517272949216
181.6685028076172,76.05494689941406
181.80458068847656,145.03851318359375
182.15977478027344,76.99562835693358
182.24401855468753,144.17835998535156
182.584716796875,2.0702991485595703
182.60359191894528,223.1080780029297
182.63488769531247,77.93528747558594
182.67071533203125,143.3190460205078
183.0847320556641,142.46034240722656
183.09396362304688,78.87419128417967
183.48611450195312,141.6020050048828
183.53712463378903,79.81260681152342
183.59039306640625,2.071378469467163
183.6095733642578,222.95982360839844
183.8749237060547,140.7438201904297
183.96447753906247,80.75079345703125
184.251220703125,139.88552856445312
184.37615966796875,81.68901062011719
184.59608459472656,2.072458028793335
184.6150665283203,139.02691650390625
184.61535644531247,222.81040954589844
184.77227783203125,82.62752532958984
184.96652221679688,138.16773986816406
185.1529693603516,83.56659698486328
185.3056488037109,137.30776977539062
185.5183258056641,84.50648498535155
185.6017608642578,2.073537349700928
185.62094116210935,222.6598052978516
185.63250732421875,136.44677734375
185.8684844970703,85.44744873046875
185.94714355468753,135.5845184326172
186.2035675048828,86.38976287841795
186.24963378906247,134.72076416015625
186.5236968994141,87.33367156982422
186.5400390625,133.8552703857422
186.60745239257807,2.0746169090271
186.62632751464844,222.5079803466797
186.8184051513672,132.98782348632812
186.82899475097656,88.27944946289062
187.0847930908203,132.1181640625
187.11956787109372,89.22735595703125
187.3392791748047,131.2460784912109
187.39553833007807,90.17765808105469
187.58189392089844,130.371337890625
187.61312866210935,2.0756962299346924
187.63150024414065,222.35494995117188
187.65702819824216,91.13059997558592
187.81272888183597,129.49368286132812
187.90415954589844,92.08646392822264
188.0318298339844,128.61289978027344
188.13706970214844,93.04549407958984
188.2392578125,127.72874450683592
188.35585021972656,94.00796508789062
188.43507385253903,126.8409957885742
188.5606384277344,94.97413635253906
188.6188201904297,2.076775789260864
188.61932373046875,125.94940185546876
188.636474609375,222.20068359375
188.75154113769528,95.94426727294922
188.7920837402344,125.05374145507812
188.9286956787109,96.91862487792967
188.95341491699216,124.1537857055664
189.0922088623047,97.8974609375
189.10336303710935,123.24928283691406
189.24198913574216,122.34001159667967
189.24220275878903,98.88104248046876
189.36936950683597,121.4257354736328
189.37879943847656,99.86963653564452
189.48556518554688,120.5062255859375
189.50213623046875,100.86349487304688
189.59060668945312,119.58123779296876
189.6123046875,101.8628921508789
189.6244964599609,2.0778551101684566
189.64123535156247,222.04515075683597
189.6845703125,118.65054321289062
189.7094268798828,102.86808013916016
189.7675323486328,117.71391296386717
189.79364013671875,103.87931823730467
189.8395233154297,116.77110290527344
189.8650665283203,104.89688110351562
189.90061950683597,115.82189178466795
189.9238128662109,105.9210205078125
189.9508819580078,114.86603546142578
189.97000122070312,106.9520034790039
189.9903717041016,113.9032974243164
190.00428771972656,107.9694137573242
190.0191345214844,112.93345642089844
190.02821350097656,108.97830963134764
190.0372467041016,111.95626831054688
190.04171752929688,109.97892761230467
190.0447540283203,110.97150421142578
190.63018798828125,2.078934669494629
190.6457672119141,221.8883514404297
191.63586425781247,2.0800139904022217
191.65008544921875,221.73027038574216
192.6415557861328,2.081093549728393
192.65417480468753,221.57087707519528
193.6472320556641,2.0821728706359863
193.65805053710935,221.41015625
194.6529235839844,2.083252429962158
194.66168212890625,221.24810791015625
195.6585998535156,2.084331750869751
195.6650848388672,221.08470153808597
196.66429138183597,2.085411310195923
196.66825866699216,220.9199066162109
197.6699676513672,2.086490631103516
197.67118835449216,220.7537384033203
198.6738739013672,220.58615112304688
198.67565917968753,2.0875701904296875
199.67630004882807,220.4171600341797
199.68133544921875,2.08864951133728
200.6784820556641,220.24670410156247
200.68702697753903,2.089729070663452
201.680419921875,220.07481384277344
201.6927032470703,2.090808391571045
202.68209838867188,219.90142822265625
202.69839477539065,2.091887950897217
203.6835174560547,219.7265625
203.7040863037109,2.092967271804809
204.6846618652344,219.55018615722656
204.70976257324216,2.094046831130981
205.685546875,219.37228393554688
205.71545410156247,2.095126152038574
206.68615722656247,219.19284057617188
206.72113037109372,2.096205711364746
207.68649291992188,219.01184082031247
207.7268218994141,2.097285032272339
208.68655395507807,218.8292694091797
208.7325134277344,2.0983645915985107
209.68632507324216,218.64509582519528
209.7381896972656,2.0994439125061035
210.68582153320312,218.45932006835935
210.74388122558597,2.1005234718322754
211.68502807617188,218.27191162109372
211.74957275390625,2.101602792739868
212.68394470214844,218.08287048339844
212.75524902343753,2.10268235206604
213.6825714111328,217.89216613769528
213.7609405517578,2.103761672973633
214.68089294433597,217.69978332519528
214.76663208007807,2.1048412322998047
215.67892456054688,217.50570678710935
215.77230834960935,2.105920553207397
216.67663574218753,217.30990600585935
216.7769927978516,2.1070001125335693
216.7779998779297,2.1070001125335693
216.97830200195312,3.0879251956939697
217.1772918701172,4.069148540496825
217.37399291992188,5.050667285919189
217.5684051513672,6.032480239868164
217.67404174804688,217.1123962402344
217.76052856445312,7.014585018157959
217.95040893554688,7.9969797134399405
218.13803100585935,8.979662895202637
218.32339477539065,9.962632179260254
218.5065460205078,10.94588565826416
218.671142578125,216.9131317138672
218.68746948242188,11.929421424865723
218.86618041992188,12.913236618041992
219.0426788330078,13.897331237792969
219.21701049804688,14.881702423095703
219.3891448974609,15.866347312927246
219.5591278076172,16.85126495361328
219.6679229736328,216.7121124267578
219.72694396972656,17.83645248413086
219.8926239013672,18.821910858154297
220.05616760253903,19.80763435363769
220.21757507324216,20.79362297058105
220.3768768310547,21.77987289428711
220.5340881347656,22.76638603210449
220.66439819335935,216.5093231201172
220.68919372558597,23.753156661987305
220.84222412109372,24.740184783935543
220.99317932128903,25.727468490600582
221.1420745849609,26.71500396728516
221.28892517089844,27.702791213989254
221.43374633789065,28.690826416015625
221.57652282714844,29.679111480712887
221.66053771972656,216.30471801757807
221.71730041503903,30.66764068603516
221.85606384277344,31.65641212463379
221.99282836914065,32.64542770385742
222.1276092529297,33.63467788696289
222.2604217529297,34.624168395996094
222.3912811279297,35.613895416259766
222.52017211914065,36.60385513305664
222.6471405029297,37.59404754638672
222.65635681152344,216.0983123779297
222.7721710205078,38.584468841552734
222.8952789306641,39.57511901855469
223.01647949218753,40.56599426269531
223.1357879638672,41.557090759277344
223.25320434570312,42.54841232299805
223.3687438964844,43.53995513916016
223.482421875,44.53171157836913
223.59423828125,45.52368927001953
223.6518402099609,215.89007568359372
223.70422363281247,46.51587677001953
223.81236267089844,47.508277893066406
223.91868591308597,48.50089263916016
224.0232086181641,49.49370956420898
224.12591552734372,50.48673629760742
224.22683715820312,51.4799690246582
224.32598876953125,52.47340393066406
224.42337036132807,53.46703720092773
224.51898193359372,54.46086883544922
224.61285400390625,55.45489883422852
224.64700317382807,215.67999267578125
224.6935272216797,214.67955017089844
224.7050018310547,56.44912338256836
224.74002075195312,213.67900085449216
224.78649902343753,212.6783142089844
224.79541015625,57.44353866577149
224.8329315185547,211.67753601074216
224.8793029785156,210.67665100097656
224.8841094970703,58.43814849853516
224.92562866210935,209.67564392089844
224.9711151123047,59.43294525146484
224.97186279296875,208.67454528808597
225.0180206298828,207.67333984375
225.0564117431641,60.427928924560554
225.06408691406247,206.67202758789065
225.11004638671875,205.67062377929688
225.14002990722656,61.423095703125
225.15588378906247,204.6691131591797
225.20159912109372,203.6675262451172
225.22198486328125,62.41844940185546
225.24717712402344,202.66583251953125
225.29260253906247,201.6640472412109
225.30227661132807,63.41398239135742
225.3378753662109,200.66217041015625
225.38092041015625,64.4096908569336
225.3829803466797,199.66021728515625
225.42788696289065,198.65817260742188
225.4579315185547,65.40557861328125
225.4726104736328,197.65603637695312
225.5171356201172,196.65382385253903
225.53330993652344,66.40164947509766
225.5614471435547,195.6515350341797
225.60552978515625,194.649169921875
225.6070709228516,67.39788818359375
225.6493682861328,193.646728515625
225.67921447753903,68.39429473876953
225.69297790527344,192.6442108154297
225.7363128662109,191.64163208007807
225.7497711181641,69.390869140625
225.7793884277344,190.63897705078125
225.8187561035156,70.38761901855469
225.8221893310547,189.63624572753903
225.8647003173828,188.63345336914065
225.8861541748047,71.38452911376953
225.9069061279297,187.63059997558597
225.94880676269528,186.627685546875
225.95199584960935,72.38160705566406
225.99038696289065,185.6247100830078
226.0162811279297,73.37884521484375
226.03163146972656,184.6216735839844
226.0725250244141,183.6185760498047
226.0790252685547,74.37623596191406
226.11306762695312,182.6154327392578
226.14024353027344,75.37379455566406
226.15325927734372,181.6122283935547
226.19305419921875,180.6089782714844
226.19993591308597,76.37150573730467
226.23248291015625,179.60568237304688
226.25811767578125,77.36936950683594
226.27149963378903,178.6023406982422
226.31011962890625,177.5989532470703
226.31480407714844,78.36738586425781
226.3483123779297,176.59552001953125
226.37001037597656,79.36554718017578
226.38607788085935,175.59205627441406
226.42340087890625,174.5885467529297
226.4237365722656,80.36386108398438
226.4602813720703,173.58499145507812
226.4759826660156,81.36232757568358
226.49668884277344,172.5814208984375
226.52679443359372,82.36093139648438
226.5326385498047,171.5778045654297
226.56808471679688,170.57415771484375
226.5761566162109,83.35968017578125
226.60305786132807,169.5704803466797
226.62408447265625,84.35856628417967
226.63751220703125,168.56678771972656
226.6705780029297,85.35758972167967
226.67144775390625,167.5630645751953
226.70486450195312,166.5593109130859
226.71566772460935,86.35675048828125
226.7377471923828,165.5555419921875
226.7593688964844,87.35604858398438
226.7700653076172,164.5517425537109
226.8016662597656,88.35547637939453
226.80183410644528,163.54794311523435
226.83303833007807,162.5441131591797
226.84259033203125,89.35503387451172
226.86366271972656,161.540283203125
226.88214111328125,90.35472106933592
226.8936920166016,160.53643798828125
226.9203338623047,91.35453796386719
226.9231109619141,159.53257751464844
226.9519195556641,158.52871704101562
226.95718383789065,92.35447692871091
226.9801177978516,157.52484130859375
226.99269104003903,93.35453796386719
227.00765991210935,156.5209808349609
227.02688598632807,94.35472106933592
227.0345764160156,155.51710510253906
227.05975341796875,95.35501861572264
227.06082153320312,154.5132293701172
227.0864105224609,153.5093536376953
227.09132385253903,96.35543823242189
227.1113128662109,152.50547790527344
227.12159729003903,97.35597229003906
227.13554382324216,151.50161743164062
227.1505889892578,98.3566207885742
227.15905761718753,150.49777221679688
227.1783142089844,99.3573760986328
227.18186950683597,149.49392700195312
227.20394897460935,148.49008178710935
227.20477294921875,100.35824584960936
227.22531127929688,147.48626708984375
227.22998046875,101.35922241210936
227.2459259033203,146.4824676513672
227.2539520263672,102.36029815673828
227.26577758789065,145.4786834716797
227.27670288085935,103.36148071289062
227.28488159179688,144.47491455078125
227.29823303222656,104.36276245117188
227.3032073974609,143.4711761474609
227.31854248046875,105.36415100097656
227.32073974609372,142.4674530029297
227.33747863769528,141.46376037597656
227.33767700195312,106.36563110351562
227.35340881347656,140.46009826660156
227.3556060791016,107.36720275878906
227.36851501464844,139.45645141601562
227.37237548828125,108.3688735961914
227.3828125,138.45285034179688
227.38796997070312,109.37063598632812
227.3962554931641,137.44927978515625
227.40242004394528,110.3724899291992
227.40884399414065,136.44573974609375
227.4157257080078,111.37442779541016
227.4205780029297,135.44223022460935
227.4279022216797,112.37644958496092
227.43144226074216,134.4387664794922
227.43896484375,113.37856292724608
227.44142150878903,133.4353485107422
227.44891357421875,114.38075256347656
227.45050048828125,132.43197631835935
227.45774841308597,115.38301849365234
227.45867919921875,131.4286346435547
227.46551513671875,116.38536834716795
227.46594238281247,130.42535400390625
227.47219848632807,117.3877944946289
227.47229003906247,129.422119140625
227.47769165039065,128.4189300537109
227.47781372070312,118.39029693603516
227.48214721679688,127.41580200195312
227.4823760986328,119.39286804199217
227.48564147949216,126.4127197265625
227.4858856201172,120.3955078125
227.48817443847656,125.40969848632812
227.4883728027344,121.3982162475586
227.48971557617188,124.40673828125
227.48982238769528,122.40099334716795
227.49026489257807,123.4038314819336
